{
	"name": "Robots.txt Manager",
	"version": "2.0.0",
	"download_url": "https://github.com/ChrisWinters/robotstxt-manager/raw/master/robotstxt-manager.zip",
	"homepage": "https://github.com/ChrisWinters/robotstxt-manager/",
	"required_php": "7.2",
	"required_wp": "4.9",
	"tested_wp": "6.1.1",
	"last_updated": "2023-02-24 10:41:5",
	"upgrade_notice": "An update is available.",
	"author": "Chris W.",
	"author_homepage": "https://github.com/ChrisWinters/",
	"sections": {
		"description": "A simple to use Robots.txt Manager Plugin for WordPress, with 7 pre-created robots.txt files to help you get started.",
		"installation": "Manually download, install, and activate the plugin. Once activated the Robots.txt Manager plugin will update just like other WordPress plugin."
	},
	"icons" : {
		"1x" : "https://raw.githubusercontent.com/ChrisWinters/robotstxt-manager/master/svn/icon-128x128.png",
		"2x" : "https://raw.githubusercontent.com/ChrisWinters/robotstxt-manager/master/svn/icon-256x256.png"
    },
	"banners": {
		"low": "https://raw.githubusercontent.com/ChrisWinters/robotstxt-manager/master/svn/banner-772x250.png",
		"high": "https://raw.githubusercontent.com/ChrisWinters/robotstxt-manager/master/svn/banner-1544x500.png"
	}
}